run_accession	sample_accession	read_count	base_count	fastq_bytes	library_layout
SRR16975862	SAMN23283130	49346262	9869252400	2973536331;3255607585	PAIRED
SRR16988317	SAMN23285525	52513732	10502746400	3193899135;3433962586	PAIRED
SRR16115861	SAMN21897461	57242299	11448459800	3450829981;3776768679	PAIRED
SRR16105563	SAMN21888739	56128975	11225795000	3366154822;3721146181	PAIRED
SRR16958631	SAMN23208605	53629385	10725877000	3227809556;3494900424	PAIRED
SRR17446820	SAMN23828911	46320840	9264168000	2828885802;3012574813	PAIRED
SRR17469864	SAMN24695621	50053497	10010699400	3090139393;3310246554	PAIRED
SRR17503995	SAMN24731138	45088953	9017790600	2747854842;2985047546	PAIRED
SRR17504015	SAMN24722892	46919153	9383830600	2886550270;3090342395	PAIRED
SRR16097286	SAMN21879926	49556998	9911399600	3030262885;3275683108	PAIRED
SRR16958615	SAMN23204606	58652270	11730454000	3508343510;3834184070	PAIRED
SRR17038623	SAMN23437881	37420592	7484118400	2400422645;2588261711	PAIRED
SRR17500112	SAMN24730084	53362995	10672599000	3253227176;3549011271	PAIRED
SRR16122595	SAMN21906090	50940138	10188027600	3065232812;3377084126	PAIRED
SRR17481976	SAMN23583342	57954776	11590955200	3498035978;3781042868	PAIRED
SRR17481977	SAMN23439955	54917251	10983450200	3333612748;3630843906	PAIRED
SRR17500070	SAMN24746880	52960844	10592168800	3219105329;3474733955	PAIRED
SRR17500116	SAMN23829285	47323618	9464723600	2899296748;3062189643	PAIRED
