run_accession	experiment_accession	sample_accession	study_accession
SRR17504015	SRX13674350	SAMN24722892	PRJNA766994
SRR16097286	SRX12383410	SAMN21879926	PRJNA766994
SRR16975862	SRX13166669	SAMN23283130	PRJNA766994
SRR16988317	SRX13178863	SAMN23285525	PRJNA766994
SRR16115861	SRX12401436	SAMN21897461	PRJNA766994
SRR16105563	SRX12391468	SAMN21888739	PRJNA766994
SRR16958631	SRX13150201	SAMN23208605	PRJNA766994
SRR17446820	SRX13618073	SAMN23828911	PRJNA766994
SRR17469864	SRX13640454	SAMN24695621	PRJNA766994
SRR17503995	SRX13674330	SAMN24731138	PRJNA766994
SRR16122595	SRX12408054	SAMN21906090	PRJNA766994
SRR17481976	SRX13652489	SAMN23583342	PRJNA766994
SRR17481977	SRX13652490	SAMN23439955	PRJNA766994
SRR17500070	SRX13670405	SAMN24746880	PRJNA766994
SRR17500116	SRX13670451	SAMN23829285	PRJNA766994
SRR16958615	SRX13150185	SAMN23204606	PRJNA766994
SRR17038623	SRX13228498	SAMN23437881	PRJNA766994
SRR17500112	SRX13670447	SAMN24730084	PRJNA766994
